timestamp,origin,destination,commute_mins,state,mins_to_rain,weather_data
2026-09-26 15:39:25,Office,Home,79,CLEAR,999,"[{""name"": ""Office"", ""t_rain"": 999, ""waterlogged"": false}, {""name"": ""~3km from Office"", ""t_rain"": 999, ""waterlogged"": false}, {""name"": ""~6km from Office"", ""t_rain"": 999, ""waterlogged"": false}, {""name"": ""~9km from Office"", ""t_rain"": 999, ""waterlogged"": false}, {""name"": ""~12km from Office"", ""t_rain"": 999, ""waterlogged"": false}, {""name"": ""~15km from Office"", ""t_rain"": 999, ""waterlogged"": false}, {""name"": ""~18km from Office"", ""t_rain"": 999, ""waterlogged"": false}, {""name"": ""~21km from Office"", ""t_rain"": 999, ""waterlogged"": false}, {""name"": ""~24km from Office"", ""t_rain"": 999, ""waterlogged"": false}, {""name"": ""~27km from Office"", ""t_rain"": 999, ""waterlogged"": false}, {""name"": ""Home"", ""t_rain"": 999, ""waterlogged"": false}]"
2026-09-26 15:41:43,Office,Home,79,CLEAR,999,"[{""name"": ""Office"", ""t_rain"": 999, ""waterlogged"": false}, {""name"": ""~3km from Office"", ""t_rain"": 999, ""waterlogged"": false}, {""name"": ""~6km from Office"", ""t_rain"": 999, ""waterlogged"": false}, {""name"": ""~9km from Office"", ""t_rain"": 999, ""waterlogged"": false}, {""name"": ""~12km from Office"", ""t_rain"": 999, ""waterlogged"": false}, {""name"": ""~15km from Office"", ""t_rain"": 999, ""waterlogged"": false}, {""name"": ""~18km from Office"", ""t_rain"": 999, ""waterlogged"": false}, {""name"": ""~21km from Office"", ""t_rain"": 999, ""waterlogged"": false}, {""name"": ""~24km from Office"", ""t_rain"": 999, ""waterlogged"": false}, {""name"": ""~27km from Office"", ""t_rain"": 999, ""waterlogged"": false}, {""name"": ""Home"", ""t_rain"": 999, ""waterlogged"": false}]"
2026-09-26 15:46:51,Office,Home,78,CLEAR,999,"[{""name"": ""Office"", ""t_rain"": 999, ""waterlogged"": false}, {""name"": ""~3km from Office"", ""t_rain"": 999, ""waterlogged"": false}, {""name"": ""~6km from Office"", ""t_rain"": 999, ""waterlogged"": false}, {""name"": ""~9km from Office"", ""t_rain"": 999, ""waterlogged"": false}, {""name"": ""~12km from Office"", ""t_rain"": 999, ""waterlogged"": false}, {""name"": ""~15km from Office"", ""t_rain"": 999, ""waterlogged"": false}, {""name"": ""~18km from Office"", ""t_rain"": 999, ""waterlogged"": false}, {""name"": ""~21km from Office"", ""t_rain"": 999, ""waterlogged"": false}, {""name"": ""~24km from Office"", ""t_rain"": 999, ""waterlogged"": false}, {""name"": ""~27km from Office"", ""t_rain"": 999, ""waterlogged"": false}, {""name"": ""Home"", ""t_rain"": 999, ""waterlogged"": false}]"
2026-09-26 15:51:59,Office,Home,79,CLEAR,999,"[{""name"": ""Office"", ""t_rain"": 999, ""waterlogged"": false}, {""name"": ""~3km from Office"", ""t_rain"": 999, ""waterlogged"": false}, {""name"": ""~6km from Office"", ""t_rain"": 999, ""waterlogged"": false}, {""name"": ""~9km from Office"", ""t_rain"": 999, ""waterlogged"": false}, {""name"": ""~12km from Office"", ""t_rain"": 999, ""waterlogged"": false}, {""name"": ""~15km from Office"", ""t_rain"": 999, ""waterlogged"": false}, {""name"": ""~18km from Office"", ""t_rain"": 999, ""waterlogged"": false}, {""name"": ""~21km from Office"", ""t_rain"": 999, ""waterlogged"": false}, {""name"": ""~24km from Office"", ""t_rain"": 999, ""waterlogged"": false}, {""name"": ""~27km from Office"", ""t_rain"": 999, ""waterlogged"": false}, {""name"": ""Home"", ""t_rain"": 999, ""waterlogged"": false}]"
2026-09-26 16:02:19,Office,Home,77,CLEAR,999,"[{""name"": ""Office"", ""t_rain"": 999, ""waterlogged"": false}, {""name"": ""~3km from Office"", ""t_rain"": 999, ""waterlogged"": false}, {""name"": ""~6km from Office"", ""t_rain"": 999, ""waterlogged"": false}, {""name"": ""~9km from Office"", ""t_rain"": 999, ""waterlogged"": false}, {""name"": ""~12km from Office"", ""t_rain"": 999, ""waterlogged"": false}, {""name"": ""~15km from Office"", ""t_rain"": 999, ""waterlogged"": false}, {""name"": ""~18km from Office"", ""t_rain"": 999, ""waterlogged"": false}, {""name"": ""~21km from Office"", ""t_rain"": 999, ""waterlogged"": false}, {""name"": ""~24km from Office"", ""t_rain"": 999, ""waterlogged"": false}, {""name"": ""~27km from Office"", ""t_rain"": 999, ""waterlogged"": false}, {""name"": ""Home"", ""t_rain"": 999, ""waterlogged"": false}]"
2026-09-26 16:07:33,Office,Home,76,CLEAR,999,"[{""name"": ""Office"", ""t_rain"": 999, ""waterlogged"": false}, {""name"": ""~3km from Office"", ""t_rain"": 999, ""waterlogged"": false}, {""name"": ""~6km from Office"", ""t_rain"": 999, ""waterlogged"": false}, {""name"": ""~9km from Office"", ""t_rain"": 999, ""waterlogged"": false}, {""name"": ""~12km from Office"", ""t_rain"": 999, ""waterlogged"": false}, {""name"": ""~15km from Office"", ""t_rain"": 999, ""waterlogged"": false}, {""name"": ""~18km from Office"", ""t_rain"": 999, ""waterlogged"": false}, {""name"": ""~21km from Office"", ""t_rain"": 999, ""waterlogged"": false}, {""name"": ""~24km from Office"", ""t_rain"": 999, ""waterlogged"": false}, {""name"": ""~27km from Office"", ""t_rain"": 999, ""waterlogged"": false}, {""name"": ""Home"", ""t_rain"": 999, ""waterlogged"": false}]"
2026-09-26 16:26:09,Office,Home,80,CLEAR,999,"[{""name"": ""Office"", ""t_rain"": 999, ""waterlogged"": false}, {""name"": ""~3km from Office"", ""t_rain"": 999, ""waterlogged"": false}, {""name"": ""~6km from Office"", ""t_rain"": 999, ""waterlogged"": false}, {""name"": ""~9km from Office"", ""t_rain"": 999, ""waterlogged"": false}, {""name"": ""~12km from Office"", ""t_rain"": 999, ""waterlogged"": false}, {""name"": ""~15km from Office"", ""t_rain"": 999, ""waterlogged"": false}, {""name"": ""~18km from Office"", ""t_rain"": 999, ""waterlogged"": false}, {""name"": ""~21km from Office"", ""t_rain"": 999, ""waterlogged"": false}, {""name"": ""~24km from Office"", ""t_rain"": 999, ""waterlogged"": false}, {""name"": ""~27km from Office"", ""t_rain"": 999, ""waterlogged"": false}, {""name"": ""Home"", ""t_rain"": 999, ""waterlogged"": false}]"
2026-09-26 16:31:45,Office,Home,82,CLEAR,999,"[{""name"": ""Office"", ""t_rain"": 999, ""waterlogged"": false}, {""name"": ""~3km from Office"", ""t_rain"": 999, ""waterlogged"": false}, {""name"": ""~6km from Office"", ""t_rain"": 999, ""waterlogged"": false}, {""name"": ""~9km from Office"", ""t_rain"": 999, ""waterlogged"": false}, {""name"": ""~12km from Office"", ""t_rain"": 999, ""waterlogged"": false}, {""name"": ""~15km from Office"", ""t_rain"": 999, ""waterlogged"": false}, {""name"": ""~18km from Office"", ""t_rain"": 999, ""waterlogged"": false}, {""name"": ""~21km from Office"", ""t_rain"": 999, ""waterlogged"": false}, {""name"": ""~24km from Office"", ""t_rain"": 999, ""waterlogged"": false}, {""name"": ""~27km from Office"", ""t_rain"": 999, ""waterlogged"": false}, {""name"": ""Home"", ""t_rain"": 999, ""waterlogged"": false}]"
2026-09-26 16:36:48,Advisory Route 1 (Origin),Advisory Route 1 (Dest),21,CLEAR,999,"[{""name"": ""Advisory Route 1 (Origin)"", ""t_rain"": 999, ""waterlogged"": false}, {""name"": ""Advisory Route 1 (Dest)"", ""t_rain"": 999, ""waterlogged"": false}]"
2026-09-26 16:42:05,Clear Route G (Origin),Clear Route G (Dest),33,CLEAR,999,"[{""name"": ""Clear Route G (Origin)"", ""t_rain"": 999, ""waterlogged"": false}, {""name"": ""~3km from Clear Route G (Origin)"", ""t_rain"": 999, ""waterlogged"": false}, {""name"": ""~6km from Clear Route G (Origin)"", ""t_rain"": 999, ""waterlogged"": false}, {""name"": ""Clear Route G (Dest)"", ""t_rain"": 999, ""waterlogged"": false}]"
2026-09-26 16:47:21,Clear Route G (Origin),Clear Route G (Dest),29,CLEAR,999,"[{""name"": ""Clear Route G (Origin)"", ""t_rain"": 999, ""waterlogged"": false}, {""name"": ""~3km from Clear Route G (Origin)"", ""t_rain"": 999, ""waterlogged"": false}, {""name"": ""~6km from Clear Route G (Origin)"", ""t_rain"": 999, ""waterlogged"": false}, {""name"": ""Clear Route G (Dest)"", ""t_rain"": 999, ""waterlogged"": false}]"
2026-09-26 16:52:39,Clear Route G (Origin),Clear Route G (Dest),29,CLEAR,999,"[{""name"": ""Clear Route G (Origin)"", ""t_rain"": 999, ""waterlogged"": false}, {""name"": ""~3km from Clear Route G (Origin)"", ""t_rain"": 999, ""waterlogged"": false}, {""name"": ""~6km from Clear Route G (Origin)"", ""t_rain"": 999, ""waterlogged"": false}, {""name"": ""Clear Route G (Dest)"", ""t_rain"": 999, ""waterlogged"": false}]"
2026-09-26 17:02:50,Route 10 (Yeshwanthpur to Peenya) (Origin),Route 10 (Yeshwanthpur to Peenya) (Dest),14,CLEAR,999,"[{""name"": ""Route 10 (Yeshwanthpur to Peenya) (Origin)"", ""t_rain"": 999, ""waterlogged"": false}, {""name"": ""Route 10 (Yeshwanthpur to Peenya) (Dest)"", ""t_rain"": 999, ""waterlogged"": false}]"
2026-09-26 17:07:56,Route 10 (Yeshwanthpur to Peenya) (Origin),Route 10 (Yeshwanthpur to Peenya) (Dest),14,CLEAR,999,"[{""name"": ""Route 10 (Yeshwanthpur to Peenya) (Origin)"", ""t_rain"": 999, ""waterlogged"": false}, {""name"": ""Route 10 (Yeshwanthpur to Peenya) (Dest)"", ""t_rain"": 999, ""waterlogged"": false}]"
2026-09-26 17:13:03,Route 10 (Yeshwanthpur to Peenya) (Origin),Route 10 (Yeshwanthpur to Peenya) (Dest),16,CLEAR,999,"[{""name"": ""Route 10 (Yeshwanthpur to Peenya) (Origin)"", ""t_rain"": 999, ""waterlogged"": false}, {""name"": ""Route 10 (Yeshwanthpur to Peenya) (Dest)"", ""t_rain"": 999, ""waterlogged"": false}]"
2026-09-26 17:18:10,Route 10 (Yeshwanthpur to Peenya) (Origin),Route 10 (Yeshwanthpur to Peenya) (Dest),16,CLEAR,999,"[{""name"": ""Route 10 (Yeshwanthpur to Peenya) (Origin)"", ""t_rain"": 999, ""waterlogged"": false}, {""name"": ""Route 10 (Yeshwanthpur to Peenya) (Dest)"", ""t_rain"": 999, ""waterlogged"": false}]"
2026-09-26 17:23:15,Route 10 (Yeshwanthpur to Peenya) (Origin),Route 10 (Yeshwanthpur to Peenya) (Dest),16,CLEAR,999,"[{""name"": ""Route 10 (Yeshwanthpur to Peenya) (Origin)"", ""t_rain"": 999, ""waterlogged"": false}, {""name"": ""Route 10 (Yeshwanthpur to Peenya) (Dest)"", ""t_rain"": 999, ""waterlogged"": false}]"
2026-09-26 17:28:22,Route 10 (Yeshwanthpur to Peenya) (Origin),Route 10 (Yeshwanthpur to Peenya) (Dest),17,CLEAR,999,"[{""name"": ""Route 10 (Yeshwanthpur to Peenya) (Origin)"", ""t_rain"": 999, ""waterlogged"": false}, {""name"": ""Route 10 (Yeshwanthpur to Peenya) (Dest)"", ""t_rain"": 999, ""waterlogged"": false}]"
2026-09-26 17:33:28,Route 10 (Yeshwanthpur to Peenya) (Origin),Route 10 (Yeshwanthpur to Peenya) (Dest),18,CLEAR,999,"[{""name"": ""Route 10 (Yeshwanthpur to Peenya) (Origin)"", ""t_rain"": 999, ""waterlogged"": false}, {""name"": ""Route 10 (Yeshwanthpur to Peenya) (Dest)"", ""t_rain"": 999, ""waterlogged"": false}]"
2026-09-26 17:39:00,Route 10 (Yeshwanthpur to Peenya) (Origin),Route 10 (Yeshwanthpur to Peenya) (Dest),16,CLEAR,999,"[{""name"": ""Route 10 (Yeshwanthpur to Peenya) (Origin)"", ""t_rain"": 999, ""waterlogged"": false}, {""name"": ""Route 10 (Yeshwanthpur to Peenya) (Dest)"", ""t_rain"": 999, ""waterlogged"": false}]"
2026-09-26 19:17:12,Route 10 (Yeshwanthpur to Peenya) (Origin),Route 10 (Yeshwanthpur to Peenya) (Dest),13,CLEAR,999,"[{""name"": ""Route 10 (Yeshwanthpur to Peenya) (Origin)"", ""t_rain"": 999, ""waterlogged"": false}, {""name"": ""Route 10 (Yeshwanthpur to Peenya) (Dest)"", ""t_rain"": 999, ""waterlogged"": false}]"
2026-09-26 19:22:19,Route 10 (Yeshwanthpur to Peenya) (Origin),Route 10 (Yeshwanthpur to Peenya) (Dest),13,CLEAR,999,"[{""name"": ""Route 10 (Yeshwanthpur to Peenya) (Origin)"", ""t_rain"": 999, ""waterlogged"": false}, {""name"": ""Route 10 (Yeshwanthpur to Peenya) (Dest)"", ""t_rain"": 999, ""waterlogged"": false}]"
2026-09-26 19:27:24,Route 10 (Yeshwanthpur to Peenya) (Origin),Route 10 (Yeshwanthpur to Peenya) (Dest),13,CLEAR,999,"[{""name"": ""Route 10 (Yeshwanthpur to Peenya) (Origin)"", ""t_rain"": 999, ""waterlogged"": false}, {""name"": ""Route 10 (Yeshwanthpur to Peenya) (Dest)"", ""t_rain"": 999, ""waterlogged"": false}]"
2026-09-26 19:32:31,Route 10 (Yeshwanthpur to Peenya) (Origin),Route 10 (Yeshwanthpur to Peenya) (Dest),13,CLEAR,999,"[{""name"": ""Route 10 (Yeshwanthpur to Peenya) (Origin)"", ""t_rain"": 999, ""waterlogged"": false}, {""name"": ""Route 10 (Yeshwanthpur to Peenya) (Dest)"", ""t_rain"": 999, ""waterlogged"": false}]"
